path,bytes,sha256
.gitignore,82,121fd4f2b61dc6cf0b9d77f816ebc5ffd659dffef91447f4a05906c7f0b61779
ATTRIBUTION.md,1398,909613135a0408eed1ac102da6d9cd7ffadc52fa798fc0028a39f338641c5d3e
DEPENDENCIES.md,1858,9a01b68f0083ffe2ba75721744973cdf8878b468fee417542d6214fbf767fde8
Docs/Cloud_Architecture.md,1456,b9a6e27cb444451ec3d061e632b20ba0b9f6d438ba5aa9eb29f6879228f05410
Plugins/TA_ToonVolumetricLighting/Shaders/Private/TAFogOptics.ush,831,a9d26b4c0656b533c1a0258e2d7e59e27cce05460743b20f0caef30d3c03b6b7
Plugins/TA_ToonVolumetricLighting/Shaders/Private/TAFogShapeMath.ush,552,e725f9c9646d1901010062abe78bd0e58b9044fa39b1c0300602e0f0329292f3
Plugins/TA_ToonVolumetricLighting/Shaders/Private/TAFogTerrain.ush,1623,53f8f1fdc619b46c922143a75dac4c9ee258ef36d7539520dc873d01030fa3c7
Plugins/TA_ToonVolumetricLighting/Source/TA_ToonVolumetricLighting/Private/TAToonFogEnvironment.h,1214,9ffb68ee048f356ad571d1d0da6f6ae99bc8b909edaea05f67aad7e12ffcc4df
Plugins/TA_ToonVolumetricLighting/Source/TA_ToonVolumetricLighting/Private/TAToonFogEnvironmentParameters.inl,1565,4df5823c5774cd8feeb2bc59f5de2ed1f2efd770c872918afca170807922053d
Plugins/TA_ToonVolumetricLighting/Source/TA_ToonVolumetricLighting/Private/TAToonFogInteraction.h,952,ee18a76611f2e1b00cdc8c2b89d782dae5f936f78a518a8b815272256e858d0e
README.md,3043,5eacfc7c601ed71ec173fc6d217277c52e344875319f2f9ad54e4a2f5939df14
